_id,type,player[0],player[1],template,toys[0],toys[1],intensity[0],intensity[1],intensity[2],duration
66d79ef3e8c9a2a7abe3f866,truth,firstName1,firstName2,Quelle est la plus grande différence d'âge que t'as eue avec un partenaire ?,,,,,,
66d79ef3e8c9a2a7abe3f892,truth,firstName1,firstName2,"Si je te donnais un bon pour coucher avec une célébrité, ce serait qui et pourquoi ?",,,,,,
66c02acef4e4ec87ac8b12db,dare,firstName1,firstName2,Mets un bandeau sur les yeux de ton/ta partenaire et embrasse-le/la partout sauf sur la bouche.,blindfold,,medium,,,
66d77af6e8c9a2a7abe3f822,dare,firstName1,firstName2,Caresse le bras de {AutrePlayer} de haut en bas pendant 2 minutes en utilisant uniquement le dos de ta main.,,,low,,,
66d79ef3e8c9a2a7abe3f877,truth,firstName1,firstName2,Quel sex toy t'aimerais que j'essaie sur toi ?,,,,,,
66d79ef3e8c9a2a7abe3f865,truth,firstName1,firstName2,T'as déjà eu des relations sexuelles avec plus d'une personne dans la même journée ?,,,,,,
66d79280e8c9a2a7abe3f848,dare,firstName1,firstName2,"Réalise un nude de {AutrePlayer} avec le Polaroïd, sois créatif.",polaroid,,"medium, high",,,
66bec18cf4e4ec87ac8b1239,truth,firstName1,firstName2,Quel est le plus grand nombre de fois où tu as eu un orgasme en une journée ?,,,,,,
66bec4e4f4e4ec87ac8b1257,truth,firstName1,firstName2,"Si tu pouvais changer une chose dans ta vie, qu'est-ce que ce serait?",,,,,,
66bec18cf4e4ec87ac8b123e,truth,firstName1,firstName2,Quand était la dernière fois que tu t'es fait plaisir ?,,,,,,
66d77af6e8c9a2a7abe3f81f,dare,firstName1,firstName2,Fais un massage léger des pieds de {AutrePlayer} pendant 2 minutes.,massage_oil,,low,,,
66d79ef3e8c9a2a7abe3f88c,truth,firstName1,firstName2,Tu aimes être mordillé ou légèrement pincé ? Où ?,,,,,,
66d79ef3e8c9a2a7abe3f89b,truth,firstName1,firstName2,Quel genre de préliminaires aimerais-tu essayer la prochaine fois qu'on est au lit ?,,,,,,
66d79ef3e8c9a2a7abe3f8ae,truth,firstName1,firstName2,Quelle est la chose la plus audacieuse que tu aimerais essayer avec moi ?,,,,,,
66bec18cf4e4ec87ac8b1233,truth,firstName1,firstName2,Quel est ton type de préliminaire préféré ?,,,,,,
66d78093e8c9a2a7abe3f82f,dare,firstName1,firstName2,Masturbe-toi devant {AutrePlayer} tout en le/la regardant dans les yeux sans détourner le regard.,all,,medium,,,
66d79ef3e8c9a2a7abe3f886,truth,firstName1,firstName2,Tu regardes du porno ? Ta catégorie préférée ?,,,,,,
66bec17bf4e4ec87ac8b1211,truth,firstName1,firstName2,Quel est ton plus grand secret que tu n'as jamais révélé à personne ?,,,,,,
66c8af78f4e4ec87ac8b133b,dare,firstName1,firstName2,Tu as 30 secondes pour m'exciter rien qu'en m'embrassant sans toucher à mes lèvres,,,low,,,30
66d79ef3e8c9a2a7abe3f88e,truth,firstName1,firstName2,Quelle est la chose le plus chaud que t'aies jamais faite ?,,,,,,
66d79ef3e8c9a2a7abe3f874,truth,firstName1,firstName2,Tu as déjà blessé un partenaire/été blessé durant le sexe ?,,,,,,
66d79ef3e8c9a2a7abe3f89a,truth,firstName1,firstName2,Quel est ta position sexuelle préférée ? Donne-moi tous les détails sur pourquoi tu l'aimes.,,,,,,
66d79ef3e8c9a2a7abe3f86a,truth,firstName1,firstName2,Quand t'as découvert ce qu'était le sexe ? Raconte-moi.,,,,,,
66c02acef4e4ec87ac8b12da,dare,firstName1,firstName2,"Avec les yeux bandés, essaie de deviner ce que ton/ta partenaire utilise pour te caresser.",blindfold,,medium,,,
66d8c6b6743b06a9aa3f0154,dare,firstName1,firstName2,"Bande les yeux de {AutrePlayer}, lubrifie certaines parties de ton corps et touche-le/la à différents endroits. {AutrePlayer} doit deviner quelle partie du corps tu utilises.",blindfold,lubrifiant,medium,,,
66bec17bf4e4ec87ac8b1212,truth,firstName1,firstName2,Quelle est la chose la plus chaude que tu aies faite en public ?,,,,,,
66d79ef3e8c9a2a7abe3f87f,truth,firstName1,firstName2,Que penses-tu du swinging ou de l'échange de partenaires ?,,,,,,
66bec17bf4e4ec87ac8b121d,truth,firstName1,firstName2,Quelle est la chose la plus étrange qui t'excite mais que tu n'oses pas avouer ?,,,,,,
66d79ef3e8c9a2a7abe3f87a,truth,firstName1,firstName2,Quel serait ton scénario de jeu de rôle idéal ?,,,,,,
66bec18cf4e4ec87ac8b122e,truth,firstName1,firstName2,Quelle a été ta dernière recherche porno ?,,,,,,
66d77af6e8c9a2a7abe3f826,dare,firstName1,firstName2,"Fais une photo sexy avec {AutrePlayer}, tout en restant habillé.",phone,,low,,,
66c02acef4e4ec87ac8b12e5,dare,firstName1,,Fais un strip tease devant {AutrePlayer}.,all,,high,,,
66c037d0f4e4ec87ac8b1319,dare,firstName1,firstName2,Fais lécher tes lèvres par {AutrePlayer} avant de l'embrasser passionnément.,all,,medium,,,
66bec17bf4e4ec87ac8b1210,truth,firstName1,firstName2,As-tu déjà utilisé un sextoy sur toi-même ou sur un partenaire ? Lequel ?,,,,,,
66c02acef4e4ec87ac8b12df,dare,firstName1,firstName2,Réalisez une sextape en essayant de ne pas faire de bruit.,phone,,high,,,
66bec17bf4e4ec87ac8b1229,truth,firstName1,firstName2,Quel est ton plus grand fantasme que tu n'as jamais osé partager ?,,,,,,
66d79ef3e8c9a2a7abe3f8a5,truth,firstName1,firstName2,As-tu déjà fantasmé sur quelque chose avec une personne du même sexe ?,,,,,,
66c0307ff4e4ec87ac8b130c,dare,firstName1,firstName2,"Mordille légèrement la peau de {AutrePlayer}, sans laisser de marque.",all,,low,,,
66d79ef3e8c9a2a7abe3f86f,truth,firstName1,firstName2,Tu as déjà fais une sextape ?,,,,,,
66d79ef3e8c9a2a7abe3f8a4,truth,firstName1,firstName2,"Quelle est la partie la plus sexy de ton corps, selon toi ?",,,,,,
66d79ef3e8c9a2a7abe3f8b4,truth,firstName1,firstName2,Y a-t-il un endroit ou un moment spécifique où l'idée du sexe t'excite le plus ?,,,,,,
66c037d0f4e4ec87ac8b1316,dare,firstName1,,Branle {AutrePlayer} en commençant doucement et en augmentant progressivement l'intensité.,all,,medium,,,
66d799f3e8c9a2a7abe3f85b,dare,firstName1,firstName2,"Essayez de jouir ensemble sans bouger vos corps, uniquement en utilisant des contractions internes et des mouvements de bassin.",all,,high,,,
66d79ef3e8c9a2a7abe3f88b,truth,firstName1,firstName2,Tu préfères me dominer au lit ou que ce soit moi qui te domine ?,,,,,,
66d79ef3e8c9a2a7abe3f873,truth,firstName1,firstName2,Qu'est-ce que tu te souviens le plus de la première fois où tu as eu des relations sexuelles ?,,,,,,
66d799f3e8c9a2a7abe3f859,dare,firstName1,,"Mets toi à genoux, et laisse {AutrePlayer} faire ce qu'il veut de ta bouche.",all,,medium,high,,
66e99aff64f3ac7f3bdb0ae3,dare,firstName1,firstName2,Prend un shot,Alcool,,high,medium,low,
66bec4e4f4e4ec87ac8b1255,truth,firstName1,,Quel est ton plus grand secret que tu n'as jamais révélé à personne?,,,,,,
66c037d0f4e4ec87ac8b1315,dare,firstName2,,Doigte {AutrePlayer} en commençant doucement et en augmentant progressivement l'intensité.,all,,medium,,,
66d799f3e8c9a2a7abe3f84e,dare,firstName2,,Pénètre {AutrePlayer} d'une façon aggressive durant 4 minutes.,all,,high,,,240
66c037d0f4e4ec87ac8b1313,dare,firstName1,,Branle lentement {AutrePlayer} pendant qu'il te regarde dans les yeux.,all,,medium,,,
66d79ef3e8c9a2a7abe3f897,truth,firstName1,firstName2,Quelle est une chose sale que t'as toujours eu envie de me dire au lit ?,,,,,,
66d79ef3e8c9a2a7abe3f884,truth,firstName1,firstName2,T'as déjà été pris en flagrant délit pendant un rapport sexuel ?,,,,,,
66d79ef3e8c9a2a7abe3f8b2,truth,firstName1,firstName2,As-tu une chanson ou une mélodie qui te met instantanément dans l'ambiance ?,,,,,,
66bec18cf4e4ec87ac8b123b,truth,firstName1,firstName2,Tu préfères que j'utilise ma langue ou mes doigts sur toi ? Qu'est-ce que tu préfères utiliser sur moi ?,,,,,,
66c8af78f4e4ec87ac8b133d,dare,firstName1,firstName2,Mets un glaçon dans ta bouche et fais-moi une fellation pendant 60 secondes.,icecube,,high,medium,,60
66d799f3e8c9a2a7abe3f853,dare,firstName1,firstName2,"Pendant 2 minutes, fais tout ce qui te plaît à {AutrePlayer}.",all,,high,,,120
66d77af6e8c9a2a7abe3f823,dare,firstName2,,Fais un slow whine sur {AutrePlayer}.,,,low,,,
66e99af364f3ac7f3bdb0ae0,dare,firstName1,firstName2,Prend un shot,Alcool,,high,medium,low,
66bec18cf4e4ec87ac8b124c,truth,firstName1,firstName2,Décris comment ton orgasme se ressent.,,,,,,
66c02acef4e4ec87ac8b12d3,dare,firstName1,firstName2,"Masse chaque partie du corps de ton/ta partenaire pendant une minute, sans utiliser tes mains.",massage_oil,,medium,,,60
66d79ef3e8c9a2a7abe3f8b1,truth,firstName1,firstName2,Quel est le plus grand risque que t'as pris dans une situation sexuelle ?,,,,,,
66d79ef3e8c9a2a7abe3f8a7,truth,firstName1,firstName2,Qu'est-ce que tu t'es dis tu m'as vue nu.e pour la première fois ?,,,,,,
66d79ef3e8c9a2a7abe3f864,truth,firstName1,firstName2,"Qu'est-ce qui t'excite, même si ce n'est pas sexuel ?",,,,,,
66d79ef3e8c9a2a7abe3f879,truth,firstName1,firstName2,Quel souvenir de notre vie sexuelle t'excite le plus ?,,,,,,
66c02ab7f4e4ec87ac8b12c4,dare,firstName1,firstName2,Embrasse {AutrePlayer} pendant une minute entière sans utiliser tes mains.,all,,low,,,60
66d79ef3e8c9a2a7abe3f872,truth,firstName1,firstName2,Dans quel lieu de la maison tu aurais aimé qu'on le fasse ?,,,,,,
66d78a22e8c9a2a7abe3f840,dare,firstName1,firstName2,"À partir de maintenant, tu dois avoir un plug anal jusqu'à la fin de l'acte.",plug,,"medium, high",,,300
66d79ef3e8c9a2a7abe3f87c,truth,firstName1,firstName2,T'as déjà été excité au boulot (ou en télétravail) ? Qu'est-ce que t'as fait ?,,,,,,
66bec17bf4e4ec87ac8b121b,truth,firstName1,firstName2,Quel est le meilleur compliment que tu aies reçu pendant l'acte ?,,,,,,
66bec18cf4e4ec87ac8b124b,truth,firstName1,firstName2,Quelle est la catégorie de film adulte la plus étrange que tu aies jamais cherchée ?,,,,,,
66d79ef3e8c9a2a7abe3f8a0,truth,firstName1,firstName2,Quel est ton texte préféré que je t'ai envoyé pendant qu'on se sextait ?,,,,,,
66d79ef3e8c9a2a7abe3f8a3,truth,firstName1,firstName2,"Quelle est la partie la plus sexy de mon corps, selon toi ?",,,,,,
66c03005f4e4ec87ac8b1300,dare,firstName1,firstName2,"Déboutonne lentement un vêtement de {AutrePlayer}, en laissant apparaître juste un peu plus de peau.",all,,low,,,
66c02acef4e4ec87ac8b12d4,dare,firstName1,firstName2,Applique de l'huile de massage sur les zones érogènes de ton/ta partenaire et masse-les doucement.,massage_oil,,medium,,,
66c02acef4e4ec87ac8b12e3,dare,firstName1,firstName2,Prennez une photo de vous deux nus devant un miroir.,phone,polaroid,medium,,,
66d79ef3e8c9a2a7abe3f869,truth,firstName1,firstName2,T'as déjà refusé une occasion sexuelle et ensuite regretté ?,,,,,,
66d78a22e8c9a2a7abe3f841,dare,firstName2,,Mets un plug anal à {AutrePlayer} pendant que tu la pénètres avec un gode.,plug,dildo,"high, medium",,,
66d79ef3e8c9a2a7abe3f888,truth,firstName1,firstName2,C'est quoi un acte sexuel que la plupart des gens aiment mais que tu trouves surcôté ?,,,,,,
66c03005f4e4ec87ac8b1301,dare,firstName1,firstName2,Caresses sensuelles sur la poitrine de {AutrePlayer} avec des mouvements lents et délicats.,all,,low,,,
66c03005f4e4ec87ac8b12fb,dare,firstName1,firstName2,"Embrasse la poitrine ou le torse de {AutrePlayer}, sans aller plus loin.",all,,low,,,
66d799f3e8c9a2a7abe3f850,dare,firstName2,,Tu dois finir le jeu en terminant sur le visage de {AutrePlayer}.,all,,high,,,
66d79ef3e8c9a2a7abe3f882,truth,firstName1,firstName2,Quel est l'endroit le plus étrange où tu t'es masturbé.e ?,,,,,,
66d799f3e8c9a2a7abe3f85d,dare,firstName1,firstName2,Serre le cou de {AutrePlayer} et embrasse le.,all,,low,,,60
66d79ef3e8c9a2a7abe3f871,truth,firstName1,firstName2,Tu es déjà rentré dans un sexshop ? Tu as acheté quoi ?,,,,,,
66c8af78f4e4ec87ac8b133c,dare,firstName1,firstName2,Embrasse-moi avec passion comme avant que nous ne commencions à avoir des rapports sexuels.,,,medium,low,,
66d79ef3e8c9a2a7abe3f89f,truth,firstName1,firstName2,"Si tu pouvais revenir en arrière et changer quelque chose à propos de notre première fois, ce serait quoi et pourquoi ?",,,,,,
66d77af6e8c9a2a7abe3f821,dare,firstName1,firstName2,Embrasse le lobe de l’oreille de {AutrePlayer} tout en chuchotant quelque chose d’excitant.,,,low,,,
66c04ad9f4e4ec87ac8b131e,dare,firstName1,firstName2,Montre à {AutrePlayer} un de tes films érotique favori.,porno_movie,,low,,,
66d78093e8c9a2a7abe3f832,dare,firstName1,,Assieds-toi sur le visage de {AutrePlayer} pendant 2 minutes,all,,"medium, high",,,120
66bec18cf4e4ec87ac8b1234,truth,firstName1,firstName2,Ça m'excite quand quelqu'un m'appelle ....... pendant le sexe.,,,,,,
66d799f3e8c9a2a7abe3f84f,dare,firstName2,,Montre à {AutrePlayer} ta position sexuelle la plus intense en utilisant toute ta force physique pour la maintenir sous contrôle.,all,,high,,,
66c04b6cf4e4ec87ac8b1321,dare,firstName2,,Fais un cunnilingus à {AutrePlayer} pendant 4 minutes,all,,high,medium,,240
66d79ef3e8c9a2a7abe3f870,truth,firstName1,firstName2,Combien d'orgasmes tu as eu en une journée ?,,,,,,
66d799f3e8c9a2a7abe3f855,dare,firstName1,,Montre à {AutrePlayer} comment tu chevauches le gode.,dildo,,high,medium,,60
66d79ef3e8c9a2a7abe3f8a2,truth,firstName1,firstName2,"Que penses-tu des threesomes ? T'en as déjà eu un, et si non, est-ce que tu voudrais en avoir un ?",,,,,,
66beda21f4e4ec87ac8b1264,truth,firstName1,firstName2,Quelle est la personne la plus âgée avec qui tu as eu des relations sexuelles ?,,,,,,
66c03005f4e4ec87ac8b12fa,dare,firstName1,firstName2,"Embrasse {AutrePlayer} sur le bas du ventre, juste au-dessus des sous-vêtements.",all,,low,,,
66d78093e8c9a2a7abe3f831,dare,firstName1,firstName2,Masturbe-toi en utilisant la main de {AutrePlayer} et guide ses mouvements pendant 2 minutes,all,,medium,,,120
66d78093e8c9a2a7abe3f836,dare,firstName1,firstName2,"Demande à {AutrePlayer} de choisir le film érotique de son choix, et synchronisez-vous dessus.",porno_movie,,high,,,
66d79ef3e8c9a2a7abe3f8b3,truth,firstName1,firstName2,Quelle est la chose la plus sexy que quelqu'un ait jamais faite pour toi ?,,,,,,
66d79ef3e8c9a2a7abe3f8b5,truth,firstName1,firstName2,Quelle est la chose la plus audacieuse que t'as dite lors de moments intimes ?,,,,,,
66d79ef3e8c9a2a7abe3f889,truth,firstName1,firstName2,Quelle activité sexuelle trouves-tu sous-côté ?,,,,,,
66d79ef3e8c9a2a7abe3f8b0,truth,firstName1,firstName2,Comment tu aurais aimé que je te surprenne ?,,,,,,
66bec17bf4e4ec87ac8b121c,truth,firstName1,firstName2,Quel est le lieu le plus risqué où tu as fais l'amour ?,,,,,,
66e99af164f3ac7f3bdb0adf,dare,firstName1,firstName2,Prend un shot,Alcool,,high,medium,low,
66d79ef3e8c9a2a7abe3f895,truth,firstName1,firstName2,"Si j'étais menottée au lit, qu'est-ce que tu me ferais ?",,,,,,
66d79ef3e8c9a2a7abe3f8ab,truth,firstName1,firstName2,Quelle est la première chose que tu trouves sexy chez quelqu'un ?,,,,,,
66c0307ff4e4ec87ac8b1304,dare,firstName1,firstName2,Retire lentement un sous-vêtement (haut ou bas) de {AutrePlayer} avec tes mains.,all,,low,,,
66d78c89e8c9a2a7abe3f843,dare,firstName2,,Donne une fessée à {AutrePlayer} pendant 30 secondes.,all,,low,medium,high,
66d79280e8c9a2a7abe3f845,dare,firstName1,firstName2,Prends une photo de la partie que tu préfères chez {AutrePlayer} avec le Polaroïd,polaroid,,low,medium,high,
66d799f3e8c9a2a7abe3f85c,dare,firstName1,firstName2,"Faites l'amour face à un miroir, en vous concentrant uniquement sur votre propre reflet et vos mouvements.",all,,high,,,
66d8c6b6743b06a9aa3f014e,dare,firstName1,firstName2,Combat de chatouilles avec {AutrePlayer}.,,,low,,,
66c03005f4e4ec87ac8b12f9,dare,firstName1,firstName2,Caresse l'intérieur de la cuisse de {AutrePlayer} en l'embrassant durant 60s.,all,,low,,,60
66bec18cf4e4ec87ac8b1240,truth,firstName1,firstName2,Quelle est la chose la plus étrange qu'un partenaire ait jamais voulu faire au lit ?,,,,,,
66d8c6b6743b06a9aa3f014b,dare,firstName1,firstName2,Place-toi derrière {AutrePlayer} et mordille son lobe d'oreille tout en le/la caressant par-dessus ses sous-vêtements. Arrête dès qu'il/elle gémit.,,,low,,,
66d78093e8c9a2a7abe3f834,dare,firstName2,,Fais ce que tu veux de la bouche de {AutrePlayer} pendant 1 minute,all,,"medium, high",,,120
66d79ef3e8c9a2a7abe3f88a,truth,firstName1,firstName2,Quelle est ta partie du corps que tu préfères que je suce ?,,,,,,
66d8c6b6743b06a9aa3f014d,dare,firstName1,firstName2,Réglez le minuteur. Quelle est la durée de ton quickie le plus rapide avec {AutrePlayer} ?,,,medium,high,,
66bec18cf4e4ec87ac8b1248,truth,firstName1,firstName2,Qu'est-ce qu'il y a chez moi (à part mon corps) qui t'excite à chaque fois ?,,,,,,
66d79ef3e8c9a2a7abe3f8a6,truth,firstName1,firstName2,Quel est l'endroit le plus fou où t'as eu des relations sexuelles ?,,,,,,
66d79ef3e8c9a2a7abe3f8a1,truth,firstName1,firstName2,Quelle est ta position sexuelle préférée et pourquoi ?,,,,,,
66c02ab7f4e4ec87ac8b12c6,dare,firstName1,firstName2,Regarde un film érotique avec {AutrePlayer} et recréez votre scène préférée.,porno_movie,,high,,,
66c02ab7f4e4ec87ac8b12ca,dare,firstName1,firstName2,"Masse chaque partie du corps de ton/ta partenaire pendant une minute, sans utiliser tes mains.",massage_oil,,medium,,,60
66bec17bf4e4ec87ac8b1226,truth,firstName1,firstName2,Quelle est la partie de ton corps que tu préfère le plus ?,,,,,,
66d8c820743b06a9aa3f0157,dare,firstName1,firstName2,"Masturbe toi, pendant que {AutrePlayer} se masturbe aussi à tes côtés.",all,,"high, medium",,,120
66c02acef4e4ec87ac8b12dd,dare,firstName1,firstName2,Filmez-vous en train d'essayer une nouvelle position sexuelle.,phone,,high,,,
66c8af78f4e4ec87ac8b133f,dare,firstName1,firstName2,Fais-moi l'amour comme si c'était la première fois pendant 5 minutes.,,,high,,,300
66d79ef3e8c9a2a7abe3f880,truth,firstName1,firstName2,Quel est quelque chose que je fais qui n'est pas sexuel mais qui t'excite ?,,,,,,
66d79ef3e8c9a2a7abe3f8af,truth,firstName1,firstName2,Quel est un fantasme que tu aimerais explorer mais que tu n'as pas encore eu l'occasion de réaliser ?,,,,,,
66c03005f4e4ec87ac8b12ff,dare,firstName1,firstName2,"Utilise tes lèvres pour caresser doucement les zones érogènes externes de ton/ta partenaire, sans toucher les parties génitales.",all,,low,,,
66d799f3e8c9a2a7abe3f854,dare,firstName1,,"Suce le doigt de {AutrePlayer}, pendant qu'il utilise le gode sur toi.",dildo,,high,,,
66d787c4e8c9a2a7abe3f83a,dare,firstName2,,"Suce, pince et mords les seins de {AutrePlayer} pendant 2 minute, sois créatif.",all,,medium,,,120
66d8c6b6743b06a9aa3f0152,dare,firstName1,firstName2,Jeu de rôle avec {AutrePlayer} : Tu es le mannequin et il/elle est le photographe.,polaroid,,medium,,,
66d79ef3e8c9a2a7abe3f875,truth,firstName1,firstName2,Tu as déjà fais/reçu une golden shower ?,,,,,,
66d787c4e8c9a2a7abe3f83d,dare,"firstName2, firstName1",,Montre une de tes vidéos préférées à {AutrePlayer},porno_movie,,medium,,,
66d799f3e8c9a2a7abe3f861,dare,firstName1,,"Pendant que {AutrePlayer} s'occupe de toi, chuchote lui des choses qui pourraient l'exciter davantage.",all,,high,medium,,
66bec18cf4e4ec87ac8b1245,truth,firstName1,firstName2,Comment était ton premier baiser ?,,,,,,
66d799f3e8c9a2a7abe3f851,dare,firstName1,,Mets toi dans la position que tu trouves le plus sexy et laisse {AutrePlayer} te pénétrer 5 minutes.,all,,high,,,300
66d79ef3e8c9a2a7abe3f87b,truth,firstName1,firstName2,"Selon toi, qu'est-ce que je fais le mieux au lit ?",,,,,,
66d79ef3e8c9a2a7abe3f89c,truth,firstName1,firstName2,Où penses-tu que notre baiser le plus romantique a eu lieu ? Raconte-moi tout ce dont tu te souviens.,,,,,,
66d799f3e8c9a2a7abe3f857,dare,firstName1,firstName2,"Emmène {AutrePlayer} au bout de l'orgasme, il.elle ne doit pas finir.",all,,high,,,
66bec17bf4e4ec87ac8b1221,truth,firstName1,firstName2,Quelle est ta pire expérience lors d'un date ?,,,,,,
66c8af78f4e4ec87ac8b1341,dare,firstName1,firstName2,Sois mon photographe et aide-moi à prendre une photo sexy que toi seul pourras garder.,phone,polaroid,medium,,,
66d79ef3e8c9a2a7abe3f8aa,truth,firstName1,firstName2,Quel est le fantasme le plus étrange que t'as eu récemment ?,,,,,,
66e99a5b64f3ac7f3bdb0add,dare,firstName1,firstName2,Prend un shot,Alcool,,high,medium,low,
66d79ef3e8c9a2a7abe3f899,truth,firstName1,firstName2,Y a-t-il quelque chose que t'as vu dans un film érotique que t'aimerais essayer ?,,,,,,
66d8c6b6743b06a9aa3f014a,dare,firstName1,firstName2,Appelle {AutrePlayer} en vidéo pendant que vous faites un 69.,phone,,"high, medium",,,
66d79ef3e8c9a2a7abe3f881,truth,firstName1,firstName2,Ça te dirait d'aller dans un club échangiste avec moi ?,,,,,,
66bec17bf4e4ec87ac8b1228,truth,firstName1,firstName2,Quelle est la chose la plus audacieuse que tu aies faite pour séduire quelqu'un ?,,,,,,
66bec17bf4e4ec87ac8b1216,truth,firstName1,firstName2,Quelle est ta position préférée que tu n'as encore jamais essayée ?,,,,,,
66c04b8ef4e4ec87ac8b1322,dare,firstName1,,Fais une branlette espagnole à {AutrePlayer} pendant 1 minute.,all,,high,medium,,60
66d799f3e8c9a2a7abe3f84d,dare,firstName2,,Porte {AutrePlayer} pendant que tu la pénètres durant 1 minute.,all,,high,,,60
66d79ef3e8c9a2a7abe3f887,truth,firstName1,firstName2,Quelle est la pensée la plus hot que t'as eue à propos de moi ?,,,,,,
66bec17bf4e4ec87ac8b122b,truth,firstName1,firstName2,Quel est le dernier rêve érotique que tu as fait ?,,,,,,
66d77b64e8c9a2a7abe3f828,dare,firstName1,firstName2,Fais comme si tu prennais {AutrePlayer} en levrette. La pénétration est interdite.,,,medium,,,
66bec18cf4e4ec87ac8b1231,truth,firstName1,firstName2,Quelle est la chose la plus étrange que tu aies faite en te masturbant ?,,,,,,
66bec18cf4e4ec87ac8b1243,truth,firstName1,firstName2,Quelle sorte d'énergie aimes-tu quand tu fais l'amour ? Rapide et brutal ? Chaud et passionné ? Doux et sentimental ?,,,,,,
66d8c6b6743b06a9aa3f014f,dare,firstName1,firstName2,Va sur ton site de pornographie préféré et choisis une vidéo 'recommandée pour toi'. {AutrePlayer} doit te faire du sexe oral pour la durée de la vidéo.,porno_movie,,high,,,
66c02ab7f4e4ec87ac8b12cc,dare,firstName1,firstName2,Applique de l'huile de massage sur les zones érogènes de ton/ta partenaire et masse-les doucement.,massage_oil,,medium,,,
66d77cfbe8c9a2a7abe3f82a,dare,firstName1,firstName2,Attache doucement les mains de {AutrePlayer} avec un foulard et embrasse-le/la sur tout le corps.,handcuff,,medium,,,
66d79ef3e8c9a2a7abe3f89e,truth,firstName1,firstName2,Combien de fois te masturbes-tu ? Et combien de fois c'est à propos de moi ?,,,,,,
66bec17bf4e4ec87ac8b1223,truth,firstName1,firstName2,Quelle est la chose la plus excitante que tu aimerais essayer mais que tu n'as pas encore osé ?,,,,,,
66d8c6b6743b06a9aa3f0155,dare,firstName1,firstName2,"Allez chacun de votre côté sur votre site préféré. Trouvez une vidéo qui représente votre fantasme personnel, puis retrouvez-vous et regardez les vidéos ensemble.",porno_movie,,"medium, high",,,
66d77af6e8c9a2a7abe3f825,dare,firstName1,firstName2,Fais un suçon à {AutrePlayer} sur la zone de son choix.,,,low,,,
66bec18cf4e4ec87ac8b1249,truth,firstName1,firstName2,T'es-tu déjà touché(e) au travail ?,,,,,,
66beda21f4e4ec87ac8b1265,truth,firstName1,firstName2,Quelle est une chose sexuelle que tu as faite mais que tu ne m'as jamais racontée ?,,,,,,
66e99af664f3ac7f3bdb0ae2,dare,firstName1,firstName2,Prend un shot,Alcool,,high,medium,low,
66bec18cf4e4ec87ac8b1238,truth,firstName1,firstName2,Quelle est ta position sexuelle la moins préférée et pourquoi ?,,,,,,
66c02ab7f4e4ec87ac8b12c8,dare,firstName1,firstName2,Donne un massage érotique à {AutrePlayer}.,Massage Oil,,medium,,,
66bec4e4f4e4ec87ac8b1251,truth,firstName1,firstName2,Quelle est la chose que tu apprécie le plus chez moi pendant le sexe ?,,,,,,
66d77af6e8c9a2a7abe3f820,dare,firstName1,firstName2,Caresse les épaules de {AutrePlayer} avec des mouvements lents et circulaires pendant 1 minute.,,,low,,,
66d787c4e8c9a2a7abe3f83b,dare,firstName2,,"Pendant que tu prends {AutrePlayer} en missionnaire, fais une vidéo de ses seins.",phone,,high,,,
66c037d0f4e4ec87ac8b1317,dare,firstName1,firstName2,Embrasse et caresse l'intérieur des cuisses de {AutrePlayer} pendant qu'il/elle est allongé(e).,all,,medium,,,
66bec18cf4e4ec87ac8b124a,truth,firstName1,firstName2,Quelle est une 'imperfection' sur mon corps que tu trouves sexy ?,,,,,,
66c04b14f4e4ec87ac8b1320,dare,firstName1,,Fais une fellation à {AutrePlayer} pendant 4 minutes,all,,high,medium,,240
66d799f3e8c9a2a7abe3f860,dare,firstName1,firstName2,Placez-vous devant un miroir et regarde {AutrePlayer} te faire du sexe oral.,all,,high,medium,,
66d787c4e8c9a2a7abe3f83c,dare,"firstName2, firstName1",,Chosis ta vidéo préférée et reproduisez la en filmant l'acte.,"phone, porno_movie",,medium,,,
66d79ef3e8c9a2a7abe3f896,truth,firstName1,firstName2,"Si tu devais inventer un mouvement sexuel original, comment l'appellerais-tu ?",,,,,,
66bec17bf4e4ec87ac8b1219,truth,firstName1,firstName2,Quelle est la chose la plus chaude que tu aimerais que je te fasse ?,,,,,,
66bec18cf4e4ec87ac8b122f,truth,firstName1,firstName2,Quelle est la chose la plus étrange qui t'excite ?,,,,,,
66d78093e8c9a2a7abe3f835,dare,firstName1,firstName2,Mettez-vous dos à dos et masturbez-vous en écoutant les sons de l'autre.,all,,medium,,,
66c02acef4e4ec87ac8b12d9,dare,firstName1,firstName2,Porte le bandeau et laisse ton/ta partenaire te guider pendant les préliminaires.,blindfold,,medium,,,
66bec18cf4e4ec87ac8b1247,truth,firstName1,firstName2,"Si tu me surprenais en train de regarder un film érotique, que ferais-tu ?",Film érotique,Film érotique,,,,
66d77cfbe8c9a2a7abe3f82b,dare,firstName1,firstName2,Jouez à un jeu de rôle où tu es un(e) masseur(se) professionnel(le) et offre un massage sensuel avec de l'huile de massage durant 5 minutes.,massage_oil,,medium,,,300
66d8c6b6743b06a9aa3f014c,dare,firstName1,firstName2,Assieds-toi derrière {AutrePlayer} avec lui/elle entre tes jambes. Mets ta main entre ses cuisses et laisse le te guider..,,,medium,,,
66d799f3e8c9a2a7abe3f862,dare,firstName1,firstName2,"Pendant que {AutrePlayer} s'occupe de toi, chuchote lui des choses qui pourraient l'exciter davantage.",all,,high,medium,,
66d79ef3e8c9a2a7abe3f8a9,truth,firstName1,firstName2,T'as déjà dormi pendant un rapport sexuel ?,,,,,,
66c03005f4e4ec87ac8b12f6,dare,firstName1,firstName2,Retire lentement un sous-vêtement (haut ou bas) de {AutrePlayer} avec tes mains.,all,,low,,,
66d79ef3e8c9a2a7abe3f867,truth,firstName1,firstName2,Quelle est la chose la plus gênante qui t'est arrivée pendant le sexe ?,,,,,,
66d77cfbe8c9a2a7abe3f82d,dare,firstName1,firstName2,Fais un strip-tease lentement tout en laissant {AutrePlayer} te toucher uniquement avec ses lèvres.,all,,medium,,,
66d77af6e8c9a2a7abe3f81e,dare,firstName1,firstName2,Caresse doucement le cou de {AutrePlayer} avec tes lèvres pendant 30 secondes.,,,low,,,
66e99aed64f3ac7f3bdb0ade,dare,firstName1,firstName2,Prend un shot,Alcool,,high,medium,low,
66d77af6e8c9a2a7abe3f824,dare,firstName1,firstName2,Passe tes lèvres le long de la mâchoire de {AutrePlayer} sans l'embrasser.,,,low,,,
66c02acef4e4ec87ac8b12e2,dare,firstName1,firstName2,Prends une photo de toi dans une position chaude et envoie-la à ton/ta partenaire.,phone,,medium,,,
66d79280e8c9a2a7abe3f846,dare,firstName1,firstName2,Prenez une photo ensemble durant l'acte avec le Polaroïd,polaroid,,high,,,
66c8af78f4e4ec87ac8b1340,dare,firstName1,firstName2,"Sans parler, montre ta position préférée que nous avons déjà pratiquée.",,,medium,,,
66d79ef3e8c9a2a7abe3f891,truth,firstName1,firstName2,Quel est ton type de sexe préféré : lent et tendre ou agressif et rapide ?,,,,,,
66d79ef3e8c9a2a7abe3f894,truth,firstName1,firstName2,Décris ma personnalité au lit en trois mots.,,,,,,
66d78093e8c9a2a7abe3f833,dare,firstName1,,Fais une gorge profonde à {AutrePlayer} pendant 30 secondes,all,,"medium, high",,,30
66d79ef3e8c9a2a7abe3f88d,truth,firstName1,firstName2,Quel est ton sex toy préféré à utiliser sur moi ?,,,,,,
66d79ef3e8c9a2a7abe3f8b6,truth,firstName1,firstName2,Quelle est ta technique préférée pour faire monter le désir chez ton partenaire ?,,,,,,
66bec18cf4e4ec87ac8b1242,truth,firstName1,firstName2,As-tu déjà eu une relation que tu as gardée secrète ? Pourquoi ?,,,,,,
66bec4e4f4e4ec87ac8b1259,truth,firstName2,,"Si tu pouvais être une autre personne pour une journée, qui serais-tu et pourquoi?",,,,,,
66c02acef4e4ec87ac8b12e1,dare,firstName1,firstName2,Filmez-vous en train de vous embrasser passionnément.,phone,,medium,,,
66c037d0f4e4ec87ac8b131a,dare,firstName2,,"Mordille légèrement les tétons de {AutrePlayer}, sans les mordre trop fort.",all,,medium,,,
66bec18cf4e4ec87ac8b1232,truth,firstName1,firstName2,Décris en détail comment tu aimes te masturber.,,,,,,
66bec17bf4e4ec87ac8b120f,truth,firstName1,firstName2,Quelle est la chose la plus embarrassante qui te soit arrivée pendant un moment intime ?,,,,,,
66bec18cf4e4ec87ac8b123d,truth,firstName1,firstName2,Qu'est-ce qui est en tête de ta liste de fantasmes sexuels en ce moment ?,,,,,,
66c8af78f4e4ec87ac8b133a,dare,firstName1,firstName2,Stimule deux parties de mon corps en même temps. Utilise tes mains sur une partie et tes lèvres sur une autre.,,,high,medium,,
66d79ef3e8c9a2a7abe3f87d,truth,firstName1,firstName2,As-tu déjà eu une aventure avec un inconnu ou une aventure d'un soir ?,,,,,,
66d79ef3e8c9a2a7abe3f8b7,truth,firstName1,firstName2,Quel est ton type de baiser préféré pour mettre en appétit ?,,,,,,
66c8af78f4e4ec87ac8b133e,dare,firstName1,firstName2,Retire mes sous-vêtements... avec ta bouche.,icebube,,medium,,,
66d79ef3e8c9a2a7abe3f898,truth,firstName1,firstName2,"Si on ne pouvait avoir des relations sexuelles que dans une position pendant un mois, ce serait laquelle ?",,,,,,
66c0307ff4e4ec87ac8b130b,dare,firstName1,firstName2,Fais un baiser humide et lent sur le bas du dos de {AutrePlayer}.,all,,low,,,
66bec18cf4e4ec87ac8b123a,truth,firstName1,firstName2,Quel est un fantasme dont tu ne m'as jamais parlé ?,,,,,,
66d79ef3e8c9a2a7abe3f878,truth,firstName1,firstName2,C'est quoi un fantasme que t'as jamais partagé avec moi ?,,,,,,
66d79ef3e8c9a2a7abe3f890,truth,firstName1,firstName2,Dis-moi une chose que je pourrais faire pour te faire jouir immédiatement.,,,,,,
66d79ef3e8c9a2a7abe3f86e,truth,firstName1,firstName2,Tu as déjà envoyé des nudes ?,,,,,,
66bec17bf4e4ec87ac8b1225,truth,firstName1,firstName2,As-tu déjà regretté une expérience intime ? Pourquoi ?,,,,,,
66beda21f4e4ec87ac8b1268,truth,firstName1,firstName2,Est-ce que tu aimerais faire partie du 'mile-high club' (avoir des relations sexuelles dans un avion) ?,,,,,,
66beda21f4e4ec87ac8b1266,truth,firstName1,firstName2,Y a-t-il un certain film qui t'excite vraiment ?,,,,,,
66c8abdef4e4ec87ac8b1336,dare,firstName1,firstName2,Fais-moi maintenant quelque chose dont tu as fantasmé.,,,high,,,
66bec18cf4e4ec87ac8b124e,truth,firstName1,firstName2,Aimes-tu le faire avec la lumière allumée ou éteinte ?,,,,,,
66c03005f4e4ec87ac8b12f7,dare,firstName1,firstName2,Retire un de tes vêtements de {AutrePlayer} de ton choix.,all,,low,,,
66c0307ff4e4ec87ac8b1310,dare,firstName1,firstName2,"Chuchote à {AutrePlayer} ce que tu aimerais lui faire ensuite, sans aller plus loin.",all,,low,,,
66d79280e8c9a2a7abe3f847,dare,firstName1,firstName2,Prenez une photo de vous en faisant une position chaude en étant habillé,polaroid,,low,,,
66c02acef4e4ec87ac8b12dc,dare,firstName1,firstName2,Tournez une courte sextape durant les préliminaires.,phone,,high,,,
66c0307ff4e4ec87ac8b130e,dare,firstName1,firstName2,"Déboutonne lentement un vêtement de {AutrePlayer}, en laissant apparaître juste un peu plus de peau.",all,,low,,,
66d78093e8c9a2a7abe3f830,dare,firstName1,firstName2,"Faites une course : Masturbez-vous, le premier à jouir doit faire un massage à l'autre.",all,,high,,,
66d799f3e8c9a2a7abe3f85f,dare,firstName1,,Fais le sexe oral avec le plus de bave possible à {AutrePlayer}.,all,,high,medium,,60
66bec18cf4e4ec87ac8b1244,truth,firstName1,firstName2,As-tu déjà envoyé accidentellement des photos sexy à la mauvaise personne ?,,,,,,
66c02ab7f4e4ec87ac8b12c9,dare,firstName1,firstName2,Verse un peu d'huile de massage sur {AutrePlayer} et fais-la/le glisser sur tout ton corps.,massage_oil,,medium,,,
66d79ef3e8c9a2a7abe3f885,truth,firstName1,firstName2,T'as déjà surpris quelqu'un en train de baiser ?,,,,,,
66d799f3e8c9a2a7abe3f85e,dare,firstName1,firstName2,Faites un 69 debout.,all,,medium,high,,
66d787c4e8c9a2a7abe3f838,dare,firstName1,,Monte sur le dildo et fais une fellation à {AutrePlayer} en même temps pendant 3 minutes,dildo,,"high, medium",,,180
66d799f3e8c9a2a7abe3f85a,dare,firstName1,firstName2,"Pendant que {AutrePlayer} te fait du sexe oral, dis lui précisément ce que tu veux qu'il fasse.",all,,high,,,120
66bec17bf4e4ec87ac8b1213,truth,firstName1,firstName2,As-tu déjà été surpris(e) en train de faire quelque chose d'intime ? Que s'est-il passé ?,,,,,,
66bec17bf4e4ec87ac8b1227,truth,firstName1,firstName2,As-tu déjà eu une discussion embarrassante sur le sexe avec tes parents ?,,,,,,
66bec18cf4e4ec87ac8b123c,truth,firstName1,firstName2,Que penses-tu de l'échangisme ou du changement de partenaire ? Est-ce que l'idée t'excite ?,,,,,,
66bec18cf4e4ec87ac8b123f,truth,firstName1,firstName2,As-tu déjà écrit une lettre d'amour ?,,,,,,
66d78a22e8c9a2a7abe3f83f,dare,firstName1,,"Insère un plug anal en toi, puis fais l'amour avec {AutrePlayer} dans une position de votre choix pendant 5 minutes.",plug,,high,,,300
66e99af564f3ac7f3bdb0ae1,dare,firstName1,firstName2,Prend un shot,Alcool,,high,medium,low,
66d79ef3e8c9a2a7abe3f893,truth,firstName1,firstName2,Quel vêtement trouves-tu le plus sexy sur moi ?,,,,,,
66c03005f4e4ec87ac8b12fc,dare,firstName2,,Masse doucement les fesses de {AutrePlayer} tout en le/la tenant contre toi.,all,,low,,,
66bec17bf4e4ec87ac8b1220,truth,firstName1,firstName2,Quelle est ton plus grand fantasme non réalisé ?,,,,,,
66c037d0f4e4ec87ac8b1318,dare,firstName1,firstName2,Utilise tes lèvres pour explorer les contours des parties génitales de {AutrePlayer} sans les toucher.,all,,medium,,,
66d787c4e8c9a2a7abe3f839,dare,firstName1,,Suce sur le dildo pendant que tu montes sur {AutrePlayer} pendant 3 minutes,dildo,,high,,,180
66d79ef3e8c9a2a7abe3f868,truth,firstName1,firstName2,T'as déjà trompé quelqu'un ? (Question bonus pour les courageux : Est-ce que ça t'a excité ?),,,,,,
66d799f3e8c9a2a7abe3f858,dare,firstName1,firstName2,"Faites l'amour le plus lentement possible, et accélérez de plus en plus.",all,,high,,,
66d79ef3e8c9a2a7abe3f86b,truth,firstName1,firstName2,T'as déjà fait semblant d'avoir un orgasme ?,,,,,,
66beda21f4e4ec87ac8b1267,truth,firstName1,firstName2,As-tu déjà simulé un orgasme plus d'une fois ?,,,,,,
66bec18cf4e4ec87ac8b1236,truth,firstName1,firstName2,As-tu déjà fantasmé sur quelque chose de sexuel avec quelqu'un du même sexe que toi ?,,,,,,
66d79ef3e8c9a2a7abe3f86c,truth,firstName1,firstName2,T'as déjà envoyé par erreur un message nude à la mauvaise personne ?,,,,,,
66d8c6b6743b06a9aa3f0150,dare,firstName1,firstName2,Jeu de rôle : {AutrePlayer} vient te livrer un colis et ça dérape.,,,high,,,
66c0307ff4e4ec87ac8b130d,dare,firstName1,firstName2,"Utilise tes lèvres pour caresser doucement les zones érogènes externes de {AutrePlayer} de ton/ta partenaire, sans toucher les parties génitales.",all,,low,,,
66bec18cf4e4ec87ac8b1246,truth,firstName1,firstName2,As-tu déjà oublié le nom de quelqu'un avec qui tu as eu une aventure ? Ne l'as-tu jamais su du tout ?,,,,,,
66bec18cf4e4ec87ac8b1230,truth,firstName1,firstName2,Dis-moi deux mensonges et une vérité et vois s'ils peuvent deviner laquelle est la vérité.,,,,,,
66d79ef3e8c9a2a7abe3f8a8,truth,firstName1,firstName2,"Fuck, Marry, Kill : Missionnaire, doggy et sexe oral.",,,,,,
66bec18cf4e4ec87ac8b124d,truth,firstName1,firstName2,Où est ton endroit préféré pour t'embrasser ?,,,,,,
66c02ab7f4e4ec87ac8b12cb,dare,firstName1,firstName2,Utilise l'huile de massage pour rendre un massage du dos particulièrement sensuel et lent.,massage_oil,,medium,,,
66c037d0f4e4ec87ac8b1314,dare,firstName1,firstName2,Fais un massage érotique à {AutrePlayer} en utilisant seulement ta bouche.,all,,medium,,,
66bec17bf4e4ec87ac8b1224,truth,firstName1,firstName2,As-tu déjà eu une aventure d'un soir ? Comment c'était ?,,,,,,
66d79ef3e8c9a2a7abe3f88f,truth,firstName1,firstName2,Quel est le rêve sexuel le plus chaud que t'aies jamais eu avec moi ?,,,,,,
66d79ef3e8c9a2a7abe3f876,truth,firstName1,firstName2,Comment est-ce que tu aurais aimé qu'on finisse aujourd'hui ?,,,,,,
66bec18cf4e4ec87ac8b1235,truth,firstName1,firstName2,Explique tes vidéos préférées et pourquoi tu les aimes.,,,,,,
66d79ef3e8c9a2a7abe3f883,truth,firstName1,firstName2,C'est quoi le numéro 1 de ta liste de fantasmes sexuels en ce moment ?,,,,,,
66d79ef3e8c9a2a7abe3f8ac,truth,firstName1,firstName2,As-tu déjà eu une expérience sexuelle qui t'a complètement surprise ?,,,,,,
66d79ef3e8c9a2a7abe3f87e,truth,firstName1,firstName2,Tu préfères que je t'utilise ma langue ou mes doigts sur toi ? Et que préfères-tu que je fasse sur toi ?,,,,,,
66d799f3e8c9a2a7abe3f852,dare,firstName1,,Slow whine sur {AutrePlayer} pendant qu'il te pénètre durant 2 minutes.,all,,high,,,120
66d77cfbe8c9a2a7abe3f82c,dare,firstName1,firstName2,Mets un film érotique et reproduisez la première scène de votre choix.,porno_movie,,medium,,,
66d79ef3e8c9a2a7abe3f89d,truth,firstName1,firstName2,"Quand je suis sur toi, quelle est ta partie préférée de moi à regarder ?",,,,,,
66d79ef3e8c9a2a7abe3f86d,truth,firstName1,firstName2,"Le sexe sous la douche, t'en penses quoi ? Tu adores, tu détestes ou t'es neutre ?",,,,,,
66c037d0f4e4ec87ac8b1312,dare,firstName2,,Fais un cunnilingus à {AutrePlayer} en utilisant uniquement ta langue.,all,,medium,,,
66bec17bf4e4ec87ac8b121f,truth,firstName1,firstName2,As-tu déjà ressenti des sentiments pour quelqu'un qui était déjà pris(e) ?,,,,,,
66d79ef3e8c9a2a7abe3f8ad,truth,firstName1,firstName2,Quelle est ta position préférée quand on le fait au réveil ?,,,,,,
66bec18cf4e4ec87ac8b1237,truth,firstName1,firstName2,"Quand je suis sur toi, quelle est ta partie préférée de moi à regarder ?",,,,,,
66c02acef4e4ec87ac8b12e0,dare,firstName1,firstName2,Réalisez une vidéo sexy en vous filmant dans un lieu inattendu de la maison.,phone,,high,,,
66d8c6b6743b06a9aa3f0151,dare,firstName2,,Bon anniversaire à {AutrePlayer}. Donne-lui une fessée pour chaque années de sa vie.,,,medium,high,,
66d79ef3e8c9a2a7abe3f8b8,truth,firstName1,firstName2,Quel est le plus grand fantasme que tu aimerais réaliser ensemble ?,,,,,,
66d8c6b6743b06a9aa3f0153,dare,firstName1,firstName2,Montre ta catégorie préférée sur ton site de pornographie préféré à {AutrePlayer}. Choisissez quelque chose de nouveau que vous n'avez jamais fait et essayez-le ensemble.,porno_movie,,medium,high,,
66bec4e4f4e4ec87ac8b1252,truth,firstName1,firstName2,Quel est le fantasme que tu aurais aimé réaliser avec moi ?,,,,,,
66d799f3e8c9a2a7abe3f856,dare,firstName1,firstName2,Commencez en missionnaire et essayez de terminer en levrette sans se retirer.,all,,high,,,
66bec17bf4e4ec87ac8b122a,truth,firstName1,firstName2,Quelle est ta limite absolue en matière d'intimité ?,,,,,,
66bec17bf4e4ec87ac8b122c,truth,firstName1,firstName2,"Si tu devais choisir un endroit insolite pour faire l'amour, lequel serait-ce ?",,,,,,
66c04b01f4e4ec87ac8b131f,dare,firstName2,,Fais un cunnilingus à {AutrePlayer} sans utiliser tes mains.,all,,high,medium,,
66c0307ff4e4ec87ac8b130f,dare,firstName1,firstName2,Caresses sensuelles sur la poitrine de {AutrePlayer} avec des mouvements lents et délicats.,all,,low,,,
66bec18cf4e4ec87ac8b1241,truth,firstName1,firstName2,Est-ce que tu envisagerais d'ouvrir un OnlyFans ?,,,,,,
